{"mean": [0.04957513046642166, 0.78059045952149, 0.00022786189587702062, 572.9565968373483, 0.0, 0.0, 0.0017882205306870532, 110.2925189456816, 0.0, 0.014497300331885805, 0.010024272245430378, 922187.6984545019, 0.03959513234152866, 0.645309842643198, 83493457.19699769, 0.018983537803609465, 0.999379158892393, 0.0, 0.999379158892393, 1572.6647666206231, 171.56694062680512, 9.508093739450327, 7.405427406172085, 0.026260257913247362, 2667.3680184270925, 971.3895233063091, 0.010347902184502088, 0.0, 0.0, 450.98161886327557, 0.7538076272165982, 0.01948714561696085, 0.832440599045622, 0.0, 573.8036737901036, 6021.453527434355, 0.07781979096147813, 0.7895218792738319], "variance": [0.026507360989593498, 0.1712689940255191, 0.00022780997483342794, 431706.37038767687, 0.0, 0.0, 0.0017850227980206826, 2599.0826618078845, 0.0, 0.27003733913955064, 0.009923786211379872, 1685936424159.4136, 0.038027357836385486, 0.22888504963100903, 6299137073509437.0, 0.018623163096068394, 0.0006204556639261005, 0.0, 0.0006204556639261005, 3902156.3537501465, 103947.33590585568, 14.545258404282677, 12.713938807714136, 0.025570656767577093, 1340519181.2434225, 1493846.5545592613, 0.010240823104882064, 0.0, 0.0, 316857.8407911503, 0.599985733305323, 0.019107396772664216, 0.13948324810618806, 0.0, 440268.1915739177, 56272333.96588677, 0.07176387109618998, 0.10574198936325041]}